{"cameraMode":{"drawMode":0,"name":"Shaded","section":"Shading Mode"},"sceneLighting":true,"audioPlay":false,"sceneViewState":{"m_AlwaysRefresh":false,"showFog":true,"showSkybox":true,"showFlares":true,"showImageEffects":true,"showParticleSystems":true,"showVisualEffectGraphs":true,"m_FxEnabled":true},"in2DMode":false,"pivot":{"x":-1.7952518463134766,"y":-1.5302749872207642,"z":1.6428751945495606},"rotation":{"x":0.0718352198600769,"y":-0.05333506688475609,"z":0.0038511683233082296,"w":0.9959911108016968},"size":8.49567985534668,"orthographic":false}