{"cameraMode":{"drawMode":0,"name":"Shaded","section":"Shading Mode"},"sceneLighting":false,"audioPlay":false,"sceneViewState":{"m_AlwaysRefresh":false,"showFog":true,"showSkybox":false,"showFlares":true,"showImageEffects":true,"showParticleSystems":true,"showVisualEffectGraphs":true,"m_FxEnabled":true},"in2DMode":false,"pivot":{"x":2.0991148948669435,"y":-2.8187029361724855,"z":-0.3100000023841858},"rotation":{"x":0.021496791392564775,"y":0.011996866203844548,"z":-0.00025671982439234853,"w":0.9997034072875977},"size":2.060615301132202,"orthographic":false}